photo_id,filename,photographer,photographer_username,photo_page
JFvL-KY7Q00,JFvL-KY7Q00.jpg,Don Fontijn,donfontijn,https://unsplash.com/photos/JFvL-KY7Q00
N7DcR2PO__c,N7DcR2PO__c.jpg,Marcus Ganahl,marcus_ganahl,https://unsplash.com/photos/N7DcR2PO__c
PSrMFwz5gCU,PSrMFwz5gCU.jpg,Rumega Daniel,dany03,https://unsplash.com/photos/PSrMFwz5gCU
aNUUb3XjSUk,aNUUb3XjSUk.jpg,Jan Baborák,janbaborak,https://unsplash.com/photos/aNUUb3XjSUk
hCe286vKOqc,hCe286vKOqc.jpg,KNXRT nan,knxrt,https://unsplash.com/photos/hCe286vKOqc
oE2Ur2kfs1g,oE2Ur2kfs1g.jpg,Leonardo Miranda,mirandanenee,https://unsplash.com/photos/oE2Ur2kfs1g
arOA3Q38OEY,arOA3Q38OEY.jpg,Alessio Soggetti,asoggetti,https://unsplash.com/photos/arOA3Q38OEY
nQtuv9JTzYs,nQtuv9JTzYs.jpg,John Wilson,johnbarrierwilson,https://unsplash.com/photos/nQtuv9JTzYs
IDP1eRjKtho,IDP1eRjKtho.jpg,Faris Kassim,farisk,https://unsplash.com/photos/IDP1eRjKtho
RdoyDRR17cA,RdoyDRR17cA.jpg,Joan Oger,joanoger,https://unsplash.com/photos/RdoyDRR17cA
mOLet_-xn2M,mOLet_-xn2M.jpg,CHUTTERSNAP nan,chuttersnap,https://unsplash.com/photos/mOLet_-xn2M
1tsAbBciTic,1tsAbBciTic.jpg,Diana Parkhouse,ditakesphotos,https://unsplash.com/photos/1tsAbBciTic
3_LuiBGleko,3_LuiBGleko.jpg,Christian Holzinger,pixelatelier,https://unsplash.com/photos/3_LuiBGleko
oe4Hn5QTuzk,oe4Hn5QTuzk.jpg,Catgirlmutant nan,catgirlmutant,https://unsplash.com/photos/oe4Hn5QTuzk
qFabgklobRY,qFabgklobRY.jpg,Gabe nan,whileimout,https://unsplash.com/photos/qFabgklobRY
gcP8bAvCE4Q,gcP8bAvCE4Q.jpg,Francesco Ungaro,francesco_ungaro,https://unsplash.com/photos/gcP8bAvCE4Q
tt2Oui1hKAM,tt2Oui1hKAM.jpg,Matt Hardy,matthardy,https://unsplash.com/photos/tt2Oui1hKAM
w8ZxGl2OGf4,w8ZxGl2OGf4.jpg,Clayton Cardinalli,clayton_cardinalli,https://unsplash.com/photos/w8ZxGl2OGf4
lReUNiCCmI8,lReUNiCCmI8.jpg,Marek Piwnicki,marekpiwnicki,https://unsplash.com/photos/lReUNiCCmI8
I_giG67yP5Q,I_giG67yP5Q.jpg,Christopher Campbell,chrisjoelcampbell,https://unsplash.com/photos/I_giG67yP5Q
MmMjQYv8fz8,MmMjQYv8fz8.jpg,Jonathan Borba,jonathanborba,https://unsplash.com/photos/MmMjQYv8fz8
p4-TQ6D5A9Y,p4-TQ6D5A9Y.jpg,Clayton Cardinalli,clayton_cardinalli,https://unsplash.com/photos/p4-TQ6D5A9Y
NK_tm8DIzvs,NK_tm8DIzvs.jpg,Juli Kosolapova,yuli_superson,https://unsplash.com/photos/NK_tm8DIzvs
Q8FXYneUni0,Q8FXYneUni0.jpg,Harrison Moore,moorecreative,https://unsplash.com/photos/Q8FXYneUni0
ji8cAmwv5fc,ji8cAmwv5fc.jpg,Shana Van Roosbroek,shanavaro,https://unsplash.com/photos/ji8cAmwv5fc
RixnYDT4gAQ,RixnYDT4gAQ.jpg,Sean Kelley,swkelley,https://unsplash.com/photos/RixnYDT4gAQ
sQgW0mQ1CY0,sQgW0mQ1CY0.jpg,Christian Joudrey,cjoudrey,https://unsplash.com/photos/sQgW0mQ1CY0
W8Sz4uktWNI,W8Sz4uktWNI.jpg,Cristiano Firmani,cristianofirmani,https://unsplash.com/photos/W8Sz4uktWNI
4AsQEW-6Lk0,4AsQEW-6Lk0.jpg,Spencer Davis,spencerdavis,https://unsplash.com/photos/4AsQEW-6Lk0
eTPykQ-FPT8,eTPykQ-FPT8.jpg,Dimitar Donovski,dmtrdon,https://unsplash.com/photos/eTPykQ-FPT8
kfqZbKHV8dQ,kfqZbKHV8dQ.jpg,Jesse Collins,jtc,https://unsplash.com/photos/kfqZbKHV8dQ
fJbUyfW1Clo,fJbUyfW1Clo.jpg,Dave Hoefler,iamthedave,https://unsplash.com/photos/fJbUyfW1Clo
Pd8rITTUA0w,Pd8rITTUA0w.jpg,Gaku Suyama,gakusuyama,https://unsplash.com/photos/Pd8rITTUA0w
F3jlif6GZz0,F3jlif6GZz0.jpg,bady abbas,bady,https://unsplash.com/photos/F3jlif6GZz0
cQY5cJ3R46s,cQY5cJ3R46s.jpg,Wolfgang Hasselmann,wolfgang_hasselmann,https://unsplash.com/photos/cQY5cJ3R46s
p6ZSavloiFY,p6ZSavloiFY.jpg,Dylan Sauerwein,rawdyl,https://unsplash.com/photos/p6ZSavloiFY
I-FFQll1avI,I-FFQll1avI.jpg,Tyler Schaefer,art_of_broll,https://unsplash.com/photos/I-FFQll1avI
v5P07gCgNW4,v5P07gCgNW4.jpg,Kenny Lescano,kenny_lescano,https://unsplash.com/photos/v5P07gCgNW4
jcuBUfo8Vts,jcuBUfo8Vts.jpg,MChe Lee,mclee,https://unsplash.com/photos/jcuBUfo8Vts
Zb_I72cfq1I,Zb_I72cfq1I.jpg,Alberto Rudolphi,albertorudolphi,https://unsplash.com/photos/Zb_I72cfq1I
kV_BiRZ5_Q4,kV_BiRZ5_Q4.jpg,Will Walker,willwalker,https://unsplash.com/photos/kV_BiRZ5_Q4
doPBjGyNPWY,doPBjGyNPWY.jpg,Kafai Liu,kafailiu,https://unsplash.com/photos/doPBjGyNPWY
GY6ViMxtmDE,GY6ViMxtmDE.jpg,Nikita Kachanovsky,nkachanovskyyy,https://unsplash.com/photos/GY6ViMxtmDE
7nbde2caZ0g,7nbde2caZ0g.jpg,Lerone Pieters,leronep,https://unsplash.com/photos/7nbde2caZ0g
QKjNKupZj14,QKjNKupZj14.jpg,Jake Weirick,weirick,https://unsplash.com/photos/QKjNKupZj14
88b2KmI_Bbk,88b2KmI_Bbk.jpg,Victor nan,victor_g,https://unsplash.com/photos/88b2KmI_Bbk
Cg3SuiRip5k,Cg3SuiRip5k.jpg,Philbo 🇺🇦 nan,iamphilbo,https://unsplash.com/photos/Cg3SuiRip5k
GRlNGlxojXU,GRlNGlxojXU.jpg,Wil Stewart,wilstewart3,https://unsplash.com/photos/GRlNGlxojXU
qNhaNFeZz7k,qNhaNFeZz7k.jpg,Jakob Owens,jakobowens1,https://unsplash.com/photos/qNhaNFeZz7k
WP1O_-J87KU,WP1O_-J87KU.jpg,Diana Parkhouse,ditakesphotos,https://unsplash.com/photos/WP1O_-J87KU
-hXpKWsSrXw,-hXpKWsSrXw.jpg,Louis Maniquet,louis_mna,https://unsplash.com/photos/-hXpKWsSrXw
9r-WFdAQQAc,9r-WFdAQQAc.jpg,Mourad Saadi,mougrapher,https://unsplash.com/photos/9r-WFdAQQAc
2NrL3dTkya0,2NrL3dTkya0.jpg,Joseph Recca,joseph_recca,https://unsplash.com/photos/2NrL3dTkya0
jomuw0-3F8A,jomuw0-3F8A.jpg,Roman Logov,prostoroman,https://unsplash.com/photos/jomuw0-3F8A
XwRBIihDf7M,XwRBIihDf7M.jpg,Pascal Debrunner,debrupas,https://unsplash.com/photos/XwRBIihDf7M
0lhHjp78qWs,0lhHjp78qWs.jpg,Zhu Hongzhi,zhuzhutrain,https://unsplash.com/photos/0lhHjp78qWs
kNg-mMYK-fs,kNg-mMYK-fs.jpg,Fabrizio Conti,conti_photos,https://unsplash.com/photos/kNg-mMYK-fs
9_zozKmBgRQ,9_zozKmBgRQ.jpg,Maël BALLAND,mael_balland,https://unsplash.com/photos/9_zozKmBgRQ
XIRflvFVx4U,XIRflvFVx4U.jpg,Wil Stewart,wilstewart3,https://unsplash.com/photos/XIRflvFVx4U
K4xgvWXGSpI,K4xgvWXGSpI.jpg,Pascal Debrunner,debrupas,https://unsplash.com/photos/K4xgvWXGSpI
2Cb3nFNwFKU,2Cb3nFNwFKU.jpg,Fonsi Fernández,fonsi,https://unsplash.com/photos/2Cb3nFNwFKU
uzTkdB3hUtA,uzTkdB3hUtA.jpg,Eduardo Zmievski,zmvsk,https://unsplash.com/photos/uzTkdB3hUtA
9swU_dZxwGg,9swU_dZxwGg.jpg,Jace & Afsoon nan,jacegrandinetti,https://unsplash.com/photos/9swU_dZxwGg
6PKwim4kgpo,6PKwim4kgpo.jpg,Evgeni Tcherkasski,evgenit,https://unsplash.com/photos/6PKwim4kgpo
_oHRmhtvpWc,_oHRmhtvpWc.jpg,Christopher Kuzman,chris_kuzman,https://unsplash.com/photos/_oHRmhtvpWc
r2dJ5wf-C-I,r2dJ5wf-C-I.jpg,Jonathan Kemper,jupp,https://unsplash.com/photos/r2dJ5wf-C-I
pahwqq2sFU0,pahwqq2sFU0.jpg,- Kenny,kennyzhang29,https://unsplash.com/photos/pahwqq2sFU0
WLUftUpk_5c,WLUftUpk_5c.jpg,Annie Spratt,anniespratt,https://unsplash.com/photos/WLUftUpk_5c
SOBE-JRyRww,SOBE-JRyRww.jpg,Greg Sellentin,sailorgreg123,https://unsplash.com/photos/SOBE-JRyRww
WsUciKaXDuk,WsUciKaXDuk.jpg,Marc Schulte,marc_schulte,https://unsplash.com/photos/WsUciKaXDuk
A50cKDIJ8Hw,A50cKDIJ8Hw.jpg,Jessica Christian,lovesquish,https://unsplash.com/photos/A50cKDIJ8Hw
7py5xxc1SxU,7py5xxc1SxU.jpg,Krys Amon,krysamon,https://unsplash.com/photos/7py5xxc1SxU
Z6wqHOQwg-4,Z6wqHOQwg-4.jpg,Olivier Villard,oliviervillard,https://unsplash.com/photos/Z6wqHOQwg-4
HE-TPWTduXo,HE-TPWTduXo.jpg,John Koliogiannis,johnkoliogiannis,https://unsplash.com/photos/HE-TPWTduXo
v1_0vywMyOQ,v1_0vywMyOQ.jpg,Daniel Morris,danielmorris,https://unsplash.com/photos/v1_0vywMyOQ
JW9UU15Wxo0,JW9UU15Wxo0.jpg,Mike Fox,mike_fox,https://unsplash.com/photos/JW9UU15Wxo0
s5DDiJZ8TMk,s5DDiJZ8TMk.jpg,Mikael Kristenson,mikael_k,https://unsplash.com/photos/s5DDiJZ8TMk
JHHJHikb9AM,JHHJHikb9AM.jpg,Evgeni Tcherkasski,evgenit,https://unsplash.com/photos/JHHJHikb9AM
aHrxrT1q2h0,aHrxrT1q2h0.jpg,Sheng L,parachutel_,https://unsplash.com/photos/aHrxrT1q2h0
YDhmL9M3Pz4,YDhmL9M3Pz4.jpg,Anna Sullivan,aesullivan2010,https://unsplash.com/photos/YDhmL9M3Pz4
Mh3Xzp8o4YE,Mh3Xzp8o4YE.jpg,Krzysztof Kowalik,kowalikus,https://unsplash.com/photos/Mh3Xzp8o4YE
XSumb9AtswI,XSumb9AtswI.jpg,Daniel Minárik,minarikd,https://unsplash.com/photos/XSumb9AtswI
zmsy3_fB4h8,zmsy3_fB4h8.jpg,paje victoria,pajevictoria,https://unsplash.com/photos/zmsy3_fB4h8
lQ_26aB7aR8,lQ_26aB7aR8.jpg,Pablo  Vargas,shelterxcult,https://unsplash.com/photos/lQ_26aB7aR8
HFfWQi8rzko,HFfWQi8rzko.jpg,Pascal Meier,zhpix,https://unsplash.com/photos/HFfWQi8rzko
W1ZdYDuYBec,W1ZdYDuYBec.jpg,Jonathan Borba,jonathanborba,https://unsplash.com/photos/W1ZdYDuYBec
h0wD0bLnnxw,h0wD0bLnnxw.jpg,LOGAN WEAVER | @LGNWVR,lgnwvr,https://unsplash.com/photos/h0wD0bLnnxw
K_pzZX8j3SE,K_pzZX8j3SE.jpg,Leyre nan,leyy,https://unsplash.com/photos/K_pzZX8j3SE
f-Y4Jjh9JCA,f-Y4Jjh9JCA.jpg,Nazar Sharafutdinov,shnzr,https://unsplash.com/photos/f-Y4Jjh9JCA
oVMjj1ub5kw,oVMjj1ub5kw.jpg,Filip Mroz,mroz,https://unsplash.com/photos/oVMjj1ub5kw
L_LL3POB3rA,L_LL3POB3rA.jpg,Radoslav Bali,radoslavbali,https://unsplash.com/photos/L_LL3POB3rA
HS7fD5LloGc,HS7fD5LloGc.jpg,Ciprian Boiciuc,ciprian,https://unsplash.com/photos/HS7fD5LloGc
3SZp2gw38wY,3SZp2gw38wY.jpg,Alec Krum,krummly,https://unsplash.com/photos/3SZp2gw38wY
G2ifDHnHZ6Y,G2ifDHnHZ6Y.jpg,Štefan Štefančík,cikstefan,https://unsplash.com/photos/G2ifDHnHZ6Y
dlJchHKqGJM,dlJchHKqGJM.jpg,Pavlo Talpa,pavlo_talpa,https://unsplash.com/photos/dlJchHKqGJM
vFsR6xtzpfw,vFsR6xtzpfw.jpg,Pieter De Malsche,pierrre,https://unsplash.com/photos/vFsR6xtzpfw
zTzwCsh3EEw,zTzwCsh3EEw.jpg,cheng feng,chengfengrecord,https://unsplash.com/photos/zTzwCsh3EEw
YNLIep6Pn4g,YNLIep6Pn4g.jpg,mos design,mosdesign,https://unsplash.com/photos/YNLIep6Pn4g
B0rGDsHAhvA,B0rGDsHAhvA.jpg,Eric Muhr,ericmuhr,https://unsplash.com/photos/B0rGDsHAhvA
ach79NNrGns,ach79NNrGns.jpg,Ryan Loughlin,rylo444,https://unsplash.com/photos/ach79NNrGns
xQXtlKg1r8w,xQXtlKg1r8w.jpg,Anton Shuvalov,a8ka,https://unsplash.com/photos/xQXtlKg1r8w
cJG8UJQT0Ws,cJG8UJQT0Ws.jpg,Nathan Dumlao,nate_dumlao,https://unsplash.com/photos/cJG8UJQT0Ws
xpLNPVL3IJA,xpLNPVL3IJA.jpg,Josh Hild,joshhild,https://unsplash.com/photos/xpLNPVL3IJA
rHGlTvMJA_o,rHGlTvMJA_o.jpg,Marko Blažević,kerber,https://unsplash.com/photos/rHGlTvMJA_o
OL24DQ35pT0,OL24DQ35pT0.jpg,Brunxs Monochrome,brunxs,https://unsplash.com/photos/OL24DQ35pT0
Xaf5RUAsiwU,Xaf5RUAsiwU.jpg,Yann Allegre,yannallegre,https://unsplash.com/photos/Xaf5RUAsiwU
1AfnsepVhJQ,1AfnsepVhJQ.jpg,Filipe Varela,keoshi,https://unsplash.com/photos/1AfnsepVhJQ
0ImqAx2eZIQ,0ImqAx2eZIQ.jpg,Sarah Shull,sarahshull,https://unsplash.com/photos/0ImqAx2eZIQ
P781ud9jf2s,P781ud9jf2s.jpg,JJ Jordan,jjjordan,https://unsplash.com/photos/P781ud9jf2s
DHhDK1HwPJ8,DHhDK1HwPJ8.jpg,Humphrey M,good_citizen,https://unsplash.com/photos/DHhDK1HwPJ8
YOOSxIGOLAk,YOOSxIGOLAk.jpg,Jue Huang,klalive,https://unsplash.com/photos/YOOSxIGOLAk
ElOpIMNu-eA,ElOpIMNu-eA.jpg,Rolands Varsbergs,rolandsvarsbergs,https://unsplash.com/photos/ElOpIMNu-eA
ur-Tzy2gJX0,ur-Tzy2gJX0.jpg,Nikita Pishchugin,nikita_pishchugin,https://unsplash.com/photos/ur-Tzy2gJX0
rG5Vqq0eaQ8,rG5Vqq0eaQ8.jpg,Colin Watts,colinwatts,https://unsplash.com/photos/rG5Vqq0eaQ8
S6ylG61p0T0,S6ylG61p0T0.jpg,Mitchell Luo,mitchel3uo,https://unsplash.com/photos/S6ylG61p0T0
VHX-eIns4Wo,VHX-eIns4Wo.jpg,Linh Le,linhlee,https://unsplash.com/photos/VHX-eIns4Wo
hPX9A8es5IY,hPX9A8es5IY.jpg,Chandra Oh,ceveoh,https://unsplash.com/photos/hPX9A8es5IY
iskXW9D2XaI,iskXW9D2XaI.jpg,fffunction studio,fffunction,https://unsplash.com/photos/iskXW9D2XaI
vabjrstZw3o,vabjrstZw3o.jpg,Anita Parry,apphotography77,https://unsplash.com/photos/vabjrstZw3o
aPQLPP4GsWI,aPQLPP4GsWI.jpg,Niklas Weiss,treesoftheplanet,https://unsplash.com/photos/aPQLPP4GsWI
ooe-48G6NtY,ooe-48G6NtY.jpg,Erik Mclean,introspectivedsgn,https://unsplash.com/photos/ooe-48G6NtY
fnctVhgg25s,fnctVhgg25s.jpg,Copper and Wild nan,copperandwild,https://unsplash.com/photos/fnctVhgg25s
ZAzrYwYS6cM,ZAzrYwYS6cM.jpg,Anderson W Rangel,andersonrangel,https://unsplash.com/photos/ZAzrYwYS6cM
PzytfAmbOQM,PzytfAmbOQM.jpg,Kim Frewin-Clarke,bubblesnap,https://unsplash.com/photos/PzytfAmbOQM
knFk8gnq-Mw,knFk8gnq-Mw.jpg,Yann Allegre,yannallegre,https://unsplash.com/photos/knFk8gnq-Mw
igTWD8pF3tM,igTWD8pF3tM.jpg,Jed Villejo,jmvillejo,https://unsplash.com/photos/igTWD8pF3tM
eSOVOj43s6g,eSOVOj43s6g.jpg,Nathan Anderson,nathananderson,https://unsplash.com/photos/eSOVOj43s6g
X83bkXtLSSQ,X83bkXtLSSQ.jpg,A. C.,3tnik,https://unsplash.com/photos/X83bkXtLSSQ
_wfjeANNuNE,_wfjeANNuNE.jpg,Sam Ferrara,samferrara,https://unsplash.com/photos/_wfjeANNuNE
loB0bVC9haM,loB0bVC9haM.jpg,Luke Moss,lmoss_photo,https://unsplash.com/photos/loB0bVC9haM
sBZGuKJVHcY,sBZGuKJVHcY.jpg,Alessio Furlan,alessiofurlan,https://unsplash.com/photos/sBZGuKJVHcY
5UvzkkLrbG0,5UvzkkLrbG0.jpg,T.H. Chia,teckhonc,https://unsplash.com/photos/5UvzkkLrbG0
4Res41zVxo4,4Res41zVxo4.jpg,Markus Spiske,markusspiske,https://unsplash.com/photos/4Res41zVxo4
JvOElpoYz8M,JvOElpoYz8M.jpg,Jairph nan,jairph,https://unsplash.com/photos/JvOElpoYz8M
k9Bx4yplCWI,k9Bx4yplCWI.jpg,paje victoria,pajevictoria,https://unsplash.com/photos/k9Bx4yplCWI
Mm_D_kbvTUM,Mm_D_kbvTUM.jpg,Amber Kipp,sadmax,https://unsplash.com/photos/Mm_D_kbvTUM
L1G2AcunIro,L1G2AcunIro.jpg,Kirill Pershin,kirillpershin,https://unsplash.com/photos/L1G2AcunIro
GQMKRGKiH6k,GQMKRGKiH6k.jpg,Duncan Kidd,we_the_royal,https://unsplash.com/photos/GQMKRGKiH6k
5TpBhNBPAE8,5TpBhNBPAE8.jpg,Alexander Andrews,alex_andrews,https://unsplash.com/photos/5TpBhNBPAE8
l80IjH0Vn8Y,l80IjH0Vn8Y.jpg,Eduardo Cano Photo Co.,eduardocanophotoco,https://unsplash.com/photos/l80IjH0Vn8Y
61csO0zX-gE,61csO0zX-gE.jpg,Krzysztof Kotkowicz,lancaster83,https://unsplash.com/photos/61csO0zX-gE
aNt5tprOPGc,aNt5tprOPGc.jpg,Zoltan Tasi,zoltantasi,https://unsplash.com/photos/aNt5tprOPGc
6_tSiHVv_y4,6_tSiHVv_y4.jpg,Sonder Quest,sonderquest,https://unsplash.com/photos/6_tSiHVv_y4
Vo-rKrFcAR8,Vo-rKrFcAR8.jpg,Nicolas Mejia,nico7mejia,https://unsplash.com/photos/Vo-rKrFcAR8
BDeY3szgwdk,BDeY3szgwdk.jpg,Erika nan,erikahg,https://unsplash.com/photos/BDeY3szgwdk
XhUmcEQfpYs,XhUmcEQfpYs.jpg,Jamie MacPherson,jmacpherson,https://unsplash.com/photos/XhUmcEQfpYs
KUmgUuidjmU,KUmgUuidjmU.jpg,Max LaRochelle,maxlarochelle,https://unsplash.com/photos/KUmgUuidjmU
PT9U_BwkDLw,PT9U_BwkDLw.jpg,Charles Postiaux,charlespostiaux,https://unsplash.com/photos/PT9U_BwkDLw
YVpWvuah5aM,YVpWvuah5aM.jpg,Jed Villejo,jmvillejo,https://unsplash.com/photos/YVpWvuah5aM
zjy2yMUGzRU,zjy2yMUGzRU.jpg,Nick Tong,thenickt16,https://unsplash.com/photos/zjy2yMUGzRU
